AATATCCTTAAAAAACCAGA	471	AC37
CCAGCACTACCATCCATAAT	230	AC37
CGCAAAATACGTCGCTTCTT	1	AC37
TCCGCTATAGCTAAATACTT	1	AC37
TGGTAAATGCTGATTCACCA	1	AC37
AATATCCTTAAAAAACCAGA	183	AC61
ACAATTTGACGATCTTGCAA	180	AC61
TCGCTTTCAGTAATCGAGTC	1	AC61
ACAATTTGACGATCTTGCAA	504	AC62
AATATCCTTAAAAAACCAGA	487	AC62
GCCAAATTGTCATATCTTTA	1	AC62
TGCATACGCAATCGCAATAA	1	AC62
ACAAGTGCGCATCGACGAAT	1	AC62
CCAACTACAACGCCAGTAAA	1	AC62
AAATGTATCAATGTGCGAGA	1	AC62
ACCGTCTTGAATAAGTTGCT	1	AC62
AATATCCTTAAAAAACCAGA	396	AC63
ACAATTTGACGATCTTGCAA	127	AC63
GAGTGCGAAACTCTTTAAGT	1	AC63
AAGTAGCACCGTTAAGTGTC	1	AC63
AATATCCTTAAAAAACCAGA	612	AC64
ACAATTTGACGATCTTGCAA	201	AC64
ATATAGACGAGACATCGTCT	1	AC64
AATATCCTTAAAAAACCAGA	858	AC65
ACAATTTGACGATCTTGCAA	394	AC65
CCAGCACTACCATCCATAAT	1	AC65
CTGTGACTGAAGTTTTTCTT	1	AC65
AATATCCTTAAAAAACCAGA	715	AC66
ACAATTTGACGATCTTGCAA	387	AC66
GCAAATAAAATCAGCGTAAC	1	AC66
CGTTGCAATCACCAATAAAA	1	AC66
AATATCCTTAAAAAACCAGA	297	AC67
ACAATTTGACGATCTTGCAA	31	AC67
AGTCAATTGCTGGCGTTTCA	1	AC67
AATATCCTTAAAAAACCAGA	421	AC68
ACAATTTGACGATCTTGCAA	45	AC68
CTTCAACCTTTAAGAGTCTC	1	AC68
ACAATTTGACGATCTTGCAA	752	AC69
AATATCCTTAAAAAACCAGA	416	AC69
ACAATTTGACGATCTTGCAA	1185	AC70
AATATCCTTAAAAAACCAGA	992	AC70
CAACACGGTTTGGACCATAA	1	AC70
TTAACGGCATCTTCACTATC	1	AC70
CCAGCACTACCATCCATAAT	208	AC71
AATATCCTTAAAAAACCAGA	176	AC71
CCAGCACTACCATCCATAAG	1	AC71
CCAGCACTACCATCCATAAT	279	AC72
AATATCCTTAAAAAACCAGA	244	AC72
ACAATTTGACGATCTTGCAA	1	AC72
AATATCCTTAAAAAACCAGA	433	AC73
CCAGCACTACCATCCATAAT	242	AC73
CCAGCACTACCATCCATAAG	1	AC73
AATATCCTTAAAAAACCAGA	365	AC74
CCAGCACTACCATCCATAAT	210	AC74
CCAGCACTACCATCCATAAG	1	AC74
AATATCCTTAAAAAACCAGA	358	AC75
CCAGCACTACCATCCATAAT	170	AC75
CCTTGCGCTTCCATTACCGC	1	AC75
AATATCCTTAAAAAACCAGA	544	AC76
CCAGCACTACCATCCATAAT	328	AC76
TTGAAGCACCCAATCTCCAA	1	AC76
CCATCACTACCATCCATAAT	1	AC76
GAGCGACAATCGAGCAAGAT	1	AC76
AATATCCTTAAAAAACCAGA	566	AC77
CCAGCACTACCATCCATAAT	287	AC77
CCAGCACTACCATCCATAAG	1	AC77
AATATCCTTAAAAAACCAGA	1924	AC78
CCAGCACTACCATCCATAAT	966	AC78
ATTGGTTTGTTCTGTTTGAG	1	AC78
TGCTGTTGCAGCAAATTCGG	1	AC78
AGCCGCTACTTGAGAAGTAG	1	AC78
TCCATTGCTGTTTATCTAGA	1	AC78
TGCATACGCAATCGCAATAA	1	AC78
AATATCCTTAAAAAACCAGA	1976	AC79
CCAGCACTACCATCCATAAT	6	AC79
CTCGTTCAATTAAACCTGAC	1	AC79
TCTAAATCGTAGCGACGCAA	1	AC79
ATTGCCTAAACCATGCATTT	1	AC79
AAGTACAGCAACACATGAGT	1	AC79
GACCAAAAAGTTGAGATAAC	1	AC79
AATATCCTTAAAAAACCAGA	707	AC80
CCAGCACTACCATCCATAAT	2	AC80
TAAGCCCAACACAACAGGGA	1	AC80
