#File	Lab_w2z_8_AC48_Linear_1194.fastq
#Total	4714	3410790
#Matched	1326	28.12898%
#Name	Reads	ReadsPct	Bases	BasesPct
AATATCCTTAAAAAACCAGA	685	14.53118%	574375	16.83994%
ACAATTTGACGATCTTGCAA	634	13.44930%	540877	15.85782%
AGCCGATACCGTTAACAGTT	1	0.02121%	1084	0.03178%
TGATCGAATACCATTTCTAC	1	0.02121%	822	0.02410%
TCAGTTGATAAGGCACCATG	1	0.02121%	809	0.02372%
TTTGGCTTTGCCAATTTTTT	1	0.02121%	587	0.01721%
TCAATGGCTAAATTGTGTGG	1	0.02121%	577	0.01692%
AAAAGTTCATTAATAGCACG	1	0.02121%	532	0.01560%
GAGCTTTTTCTAAAGCAAGT	1	0.02121%	423	0.01240%
