#File	Lab_v8f_13_AC33_Linear_1194.fastq
#Total	3334	2512105
#Matched	1022	30.65387%
#Name	Reads	ReadsPct	Bases	BasesPct
AATATCCTTAAAAAACCAGA	598	17.93641%	522795	20.81103%
CCAGCACTACCATCCATAAT	411	12.32753%	373923	14.88485%
CCAGCACTACCATCCATAAG	1	0.02999%	1107	0.04407%
GCGCCCATTTCCATGTCGTA	1	0.02999%	921	0.03666%
TCCTAGCGCGTCTGAAGCTT	1	0.02999%	749	0.02982%
ATAAGTGAAATTTCAGATTG	1	0.02999%	648	0.02580%
CATGGGGCGAGGTTTCAAGA	1	0.02999%	633	0.02520%
TTGAGAATTCTGAATGGTGA	1	0.02999%	555	0.02209%
TTGTCGTGTAGCAATTTTCA	1	0.02999%	448	0.01783%
TTTAAAACGAACCTTATATC	1	0.02999%	425	0.01692%
GAACCAGAAATGAGACTATT	1	0.02999%	413	0.01644%
TTTGACCACTTTATTTTCTG	1	0.02999%	409	0.01628%
CACTTCAAAGCGCTGATGGC	1	0.02999%	400	0.01592%
CACCATTCACAAAAGTAAGA	1	0.02999%	390	0.01552%
TTGGCTTAATGCCTTTCTTA	1	0.02999%	376	0.01497%
