AGAATCATTGCCGCAAGTAA	927	AC1
AATATCCTTAAAAAACCAGA	869	AC1
TTGCTGCGCAGAATCGACAG	1	AC1
AATATCCTTAAAAAACCAGA	4784	AC10
AGAATCATTGCCGCAAGTAA	1	AC10
TTGCTGCGCAGAATCGACAG	836	AC11
AATATCCTTAAAAAACCAGA	773	AC11
AGAATCATTGCCGCAAGTAA	2	AC11
TTGCTGCGCAGAATCGACAG	1141	AC12
AATATCCTTAAAAAACCAGA	1052	AC12
AATATCCTTAAAAAACCAGA	97	AC13
TTGCTGCGCAGAATCGACAG	93	AC13
TTGCTGCGCAGAATCGACAG	94	AC14
AATATCCTTAAAAAACCAGA	85	AC14
TTGCTGCGCAGAATCGACAG	448	AC15
AATATCCTTAAAAAACCAGA	197	AC15
TTGCTGCGCAGAATCGACAG	296	AC16
AATATCCTTAAAAAACCAGA	144	AC16
AGAATCATTGCCGCAAGTAA	1	AC16
AATATCCTTAAAAAACCAGA	5034	AC17
TTGCTGCGCAGAATCGACAG	2474	AC17
AGAATCATTGCCGCAAGTAA	1	AC17
AATATCCTTAAAAAACCAGA	1733	AC18
TTGCTGCGCAGAATCGACAG	865	AC18
TTGCTGCGCAGAATCGACAG	1676	AC19
AATATCCTTAAAAAACCAGA	162	AC19
AGAATCATTGCCGCAAGTAA	1970	AC2
AATATCCTTAAAAAACCAGA	1914	AC2
TTGCTGCGCAGAATCGACAG	1155	AC20
AATATCCTTAAAAAACCAGA	187	AC20
AGAATCATTGCCGCAAGTAA	1	AC20
AATATCCTTAAAAAACCAGA	676	AC3
AGAATCATTGCCGCAAGTAA	216	AC3
AATATCCTTAAAAAACCAGA	3800	AC4
AGAATCATTGCCGCAAGTAA	1517	AC4
AATATCCTTAAAAAACCAGA	687	AC5
AGAATCATTGCCGCAAGTAA	16	AC5
TTGCTGCGCAGAATCGACAG	1	AC5
AATATCCTTAAAAAACCAGA	2029	AC6
AGAATCATTGCCGCAAGTAA	41	AC6
AATATCCTTAAAAAACCAGA	1018	AC7
AGAATCATTGCCGCAAGTAA	4	AC7
TTGCTGCGCAGAATCGACAG	2	AC7
AATATCCTTAAAAAACCAGA	91	AC8
AGAATCATTGCCGCAAGTAA	1	AC8
AATATCCTTAAAAAACCAGA	1548	AC9
